,precision,recall,f1-score,support
frontal,1.0,1.0,1.0,166.0
frontal_90,0.9822485207100592,1.0,0.9910447761194029,166.0
frontal_180,0.9941860465116279,0.9941860465116279,0.9941860465116279,172.0
frontal_270,1.0,0.9939759036144579,0.9969788519637462,166.0
left,0.9875776397515528,0.9814814814814815,0.9845201238390092,162.0
left_90,0.99375,0.9814814814814815,0.9875776397515528,162.0
left_180,0.9936305732484076,0.9629629629629629,0.9780564263322883,162.0
left_270,0.9876543209876543,0.9876543209876543,0.9876543209876543,162.0
lower,0.9836065573770492,1.0,0.9917355371900827,180.0
lower_90,0.98989898989899,1.0,0.9949238578680203,196.0
lower_180,0.9849246231155779,1.0,0.9924050632911393,196.0
lower_270,0.98989898989899,1.0,0.9949238578680203,196.0
others,0.9925,1.0,0.9962358845671266,397.0
right,0.9625668449197861,0.994475138121547,0.9782608695652174,181.0
right_90,0.9888888888888889,0.9834254143646409,0.9861495844875346,181.0
right_180,0.9888888888888889,0.9834254143646409,0.9861495844875346,181.0
right_270,0.9888888888888889,0.9834254143646409,0.9861495844875346,181.0
upper,1.0,0.9821428571428571,0.9909909909909909,168.0
upper_90,1.0,0.9880952380952381,0.9940119760479043,168.0
upper_180,1.0,0.9821428571428571,0.9909909909909909,168.0
upper_270,1.0,0.9880952380952381,0.9940119760479043,168.0
accuracy,0.9907192575406032,0.9907192575406032,0.9907192575406032,0.9907192575406032
macro avg,0.9909099891945887,0.9898557032729203,0.9903313306378705,3879.0
weighted avg,0.9908082137251708,0.9907192575406032,0.9907145984220419,3879.0
